<gauge>
	<name>Vista'ish Silver</name>
	<version>3</version>
	<file type="background">back.svg</file>
	<file type="foreground">dialdot.svg</file>
	<indicator type="needle">
		<posX>-0.165</posX>
		<posY>-0.05</posY>
		<direction>1</direction>
		<posStart>-130</posStart>
		<posStop>130</posStop>
		<file>dial.svg</file>
		<text_zone>
			<x_center>-0.165</x_center>
			<y_center>-0.245</y_center>
			<width>0.22</width>
			<height>0.085</height>
			<red>1.0</red>
			<green>1.0</green>
			<blue>1.0</blue>
		</text_zone>
		<label_zone>
			<x_center>-0.165</x_center>
			<y_center>-0.05</y_center>
			<width>0.19</width>
			<height>0.10</height>
			<red>1.0</red>
			<green>1.0</green>
			<blue>1.0</blue>
			<alpha>0.6</alpha>
		</label_zone>
		<logo_zone>
			<x_center>-0.165</x_center>
			<y_center>-0.05</y_center>
			<width>0.19</width>
			<height>0.19</height>
			<alpha>1.0</alpha>
		</logo_zone>
	</indicator>
	<indicator type="needle">
		<posX>0.25</posX>
		<posY>0.14</posY>
		<direction>1</direction>
		<posStart>-128</posStart>
		<posStop>128</posStop>
		<file>dial2.svg</file>
		<text_zone>
			<x_center>0.25</x_center>
			<y_center>-0.0</y_center>
			<width>0.17</width>
			<height>0.07</height>
			<red>1.0</red>
			<green>1.0</green>
			<blue>1.0</blue>
		</text_zone>
		<label_zone>
			<x_center>0.25</x_center>
			<y_center>0.14</y_center>
			<width>0.15</width>
			<height>0.10</height>
			<red>1.0</red>
			<green>1.0</green>
			<blue>1.0</blue>
			<alpha>0.6</alpha>
		</label_zone>
		<logo_zone>
			<x_center>0.25</x_center>
			<y_center>0.14</y_center>
			<width>0.15</width>
			<height>0.15</height>
			<alpha>1.0</alpha>
		</logo_zone>
	</indicator>
</gauge>


